{
    "asks": [
        -2.214408160001767,
        -1.90147885999977,
        4.639282039999671,
        5.57085109000036,
        5.399278910001158,
        5.823975240000436,
        5.996753769995848,
        3.44767592000062,
        2.497162789997674,
        5.78800955999759,
        6.097078769998916,
        5.611370940001507,
        3.902269599999272,
        4.852782730002218,
        2.103511940003955,
        1.9569941199988534,
        4.372989920000691,
        9.429956249998213,
        7.275698640001792,
        8.619594729996606,
        11.142691669992928,
        8.509895869996399,
        2.6917259899964847,
        5.827203319993714,
        4.2047224800007825,
        5.240045310005371,
        8.006198529998073,
        7.5145353299994895,
        6.533315609998681,
        8.775189349998982,
        7.255304540001816,
        4.65859002000434,
        7.098893400001543,
        7.098893400001543,
        4.5940284299977066,
        2.392942079997738,
        2.4403033799972036,
        0.0,
        0.0,
        0.0,
        1.7457251500018174,
        2.986871280001651,
        2.986871280001651,
        3.3603356500025257,
        3.3603356500025257,
        1.6146105000007083,
        0.3734643700008746,
        0.3734643700008746,
        0.0130622900032904,
        -0.31655037999735214,
        -0.3163308799994411,
        -0.8653591000038432,
        -0.8653591000038432,
        -0.8784213900071336,
        -0.5488087200064911
    ],
    "bids": [
        -1.1407010499970056,
        -0.6346773299992492,
        6.588755459997628,
        7.1519299399988085,
        7.163461719996121,
        7.17912461999731,
        4.952725040002406,
        1.9698799699981464,
        4.614006350002455,
        4.588481840000895,
        4.099000510002952,
        5.8193763700001,
        2.0067446700049913,
        -0.6373817099993175,
        2.344064699998853,
        4.750905760000023,
        11.029912229998445,
        12.752340260001802,
        9.254494830001931,
        8.68635164999796,
        9.530210149998311,
        3.286103649999859,
        1.9435840699952678,
        6.771150599997782,
        6.227286660003301,
        3.93216355000186,
        4.115904540001793,
        3.8583719600028417,
        2.528650860000198,
        0.6974591200014402,
        0.23374993999823346,
        -0.14989102000254206,
        0.015108979998331051,
        0.015108979998331051,
        0.002385939998930553,
        0.0,
        0.16500000000087311,
        0.0,
        0.0,
        0.0,
        4.255907200000365,
        4.255907200000365,
        4.255907200000365,
        4.161019780000061,
        4.161019780000061,
        -0.0948874200003047,
        -0.0948874200003047,
        -0.0948874200003047,
        0.015603980002197204,
        -0.05753905999881681,
        0.10051901000042562,
        0.10051901000042562,
        0.10051901000042562,
        0.08491502999822842,
        0.15805806999924243
    ],
    "sample_size": 55
}