{
  "bids": {
    "mean": -0.05154187802610844,
    "variance": 3.9778805550112444,
    "standard_deviation": 1.9944624727006635
  },
  "asks": {
    "mean": -0.047189719503917246,
    "variance": 4.615385472882218,
    "standard_deviation": 2.1483448216899954
  }
}