{
  "bids": {
    "mean": 0.05983387754516008,
    "variance": 37.711606662980856,
    "standard_deviation": 6.140977663449108
  },
  "asks": {
    "mean": 0.0655498588059275,
    "variance": 32.86952926592402,
    "standard_deviation": 5.733195380058491
  }
}